learning_rate,warmup_epochs,mask_period,mem,lr_reg,lambda_reg,precision,layer,interpretability
0.0001,1,2,1,0.001,0.001,0.9755600814663951,4,0.8998215436098113
0.0001,1,2,2,0.001,0.001,0.9837067209775967,4,0.5718081857310598
0.0001,1,2,1,0.001,0.004,0.9755600814663951,4,0.8618605309241493
0.0001,1,2,2,0.001,0.004,0.9837067209775967,4,0.42527668945784425
0.0001,1,2,1,0.001,0.009,0.9653767820773931,3,0.8144006631627415
0.0001,1,2,2,0.001,0.009,0.9837067209775967,4,0.45693636363683326
0.0001,1,2,1,0.004,0.001,0.9633401221995926,0,0.09037311227571349
0.0001,1,2,2,0.004,0.001,0.9837067209775967,4,0.5661900411936729
0.0001,1,2,1,0.004,0.004,0.9531568228105907,3,0.24637218227884075
0.0001,1,2,2,0.004,0.004,0.9837067209775967,4,0.5390160731034684
0.0001,1,2,1,0.004,0.009,0.955193482688391,2,0.2329687782937763
0.0001,1,2,2,0.004,0.009,0.9837067209775967,4,0.5312818843642242
0.0001,1,2,1,0.009,0.001,0.945010183299389,4,0.29240845790517705
0.0001,1,2,2,0.009,0.001,0.9837067209775967,4,0.5087056250702108
0.0001,1,2,1,0.009,0.004,0.9613034623217923,3,0.3161825469880014
0.0001,1,2,2,0.009,0.004,0.9857433808553971,4,0.5361923169100495
0.0001,1,2,1,0.009,0.009,0.9327902240325866,4,0.30687264693840904
0.0001,1,2,2,0.009,0.009,0.9837067209775967,4,0.46785227480890895
0.0001,1,4,1,0.001,0.001,0.9816700610997964,5,0.5853611466943154
0.0001,1,4,4,0.001,0.001,0.9857433808553971,4,0.4101502659291297
0.0001,1,4,1,0.001,0.004,0.9735234215885947,1,0.13551893827883296
0.0001,1,4,4,0.001,0.004,0.9837067209775967,4,0.5153633177289224
0.0001,1,4,1,0.001,0.009,0.9775967413441955,4,0.7798176072102571
0.0001,1,4,4,0.001,0.009,0.9857433808553971,4,0.4629778334744106
0.0001,1,4,1,0.004,0.001,0.9735234215885947,3,0.8656400843231293
0.0001,1,4,4,0.004,0.001,0.9816700610997964,4,0.5686989653876704
0.0001,1,4,1,0.004,0.004,0.9796334012219959,2,0.2764832559880064
0.0001,1,4,4,0.004,0.004,0.9837067209775967,4,0.5890267840976502
0.0001,1,4,1,0.004,0.009,0.9653767820773931,4,0.7772261291216506
0.0001,1,4,4,0.004,0.009,0.9837067209775967,4,0.5231022108196692
0.0001,1,4,1,0.009,0.001,0.9348268839103869,4,0.34459185677627935
0.0001,1,4,4,0.009,0.001,0.9837067209775967,4,0.5082876458195202
0.0001,1,4,1,0.009,0.004,0.9409368635437881,4,0.3113361668011146
0.0001,1,4,4,0.009,0.004,0.9837067209775967,4,0.49146678133119315
0.0001,1,4,1,0.009,0.009,0.9511201629327902,4,0.647282251766437
0.0001,1,4,4,0.009,0.009,0.9796334012219959,4,0.5432243490862894
0.0001,1,6,1,0.001,0.001,0.9796334012219959,4,0.8913570063148596
0.0001,1,6,6,0.001,0.001,0.9816700610997964,4,0.5936798721855756
0.0001,1,6,1,0.001,0.004,0.9837067209775967,3,0.7926731417763782
0.0001,1,6,6,0.001,0.004,0.9837067209775967,4,0.4935841538613605
0.0001,1,6,1,0.001,0.009,0.9775967413441955,4,0.8945156541039184
0.0001,1,6,6,0.001,0.009,0.9837067209775967,4,0.5363157705188883
0.0001,1,6,1,0.004,0.001,0.9653767820773931,3,0.9087021504912705
0.0001,1,6,6,0.004,0.001,0.9837067209775967,4,0.48960494909030383
0.0001,1,6,1,0.004,0.004,0.9572301425661914,2,0.27818460372114506
0.0001,1,6,6,0.004,0.004,0.9837067209775967,4,0.5327646149401397
0.0001,1,6,1,0.004,0.009,0.9735234215885947,3,0.6235823260937045
0.0001,1,6,6,0.004,0.009,0.9837067209775967,4,0.35674522950829773
0.0001,1,6,1,0.009,0.001,0.9327902240325866,4,0.31399700528027213
0.0001,1,6,6,0.009,0.001,0.9837067209775967,4,0.5794342537757031
0.0001,1,6,1,0.009,0.004,0.9653767820773931,3,0.42258319589394217
0.0001,1,6,6,0.009,0.004,0.9816700610997964,4,0.5757456697406631
0.0001,1,6,1,0.009,0.009,0.9348268839103869,4,0.26646493401949306
0.0001,1,6,6,0.009,0.009,0.9857433808553971,4,0.4987922111861787
0.0001,5,2,1,0.001,0.001,0.9857433808553971,4,0.27189649467856686
0.0001,5,2,2,0.001,0.001,0.9837067209775967,4,0.5287793698955878
0.0001,5,2,1,0.001,0.004,0.9857433808553971,4,0.26784488106465115
0.0001,5,2,2,0.001,0.004,0.9816700610997964,4,0.6000070413899178
0.0001,5,2,1,0.001,0.009,0.9837067209775967,4,0.2709149474944142
0.0001,5,2,2,0.001,0.009,0.9837067209775967,4,0.4680413183900097
0.0001,5,2,1,0.004,0.001,0.9857433808553971,4,0.25907595986240883
0.0001,5,2,2,0.004,0.001,0.9816700610997964,4,0.554733631710428
0.0001,5,2,1,0.004,0.004,0.9857433808553971,4,0.22665107736265486
0.0001,5,2,2,0.004,0.004,0.9837067209775967,4,0.5876320645884671
0.0001,5,2,1,0.004,0.009,0.9837067209775967,4,0.22959203076700624
0.0001,5,2,2,0.004,0.009,0.9816700610997964,4,0.5052888942163576
0.0001,5,2,1,0.009,0.001,0.9837067209775967,7,0.2653580358148838
0.0001,5,2,2,0.009,0.001,0.9857433808553971,4,0.5164211553923925
0.0001,5,2,1,0.009,0.004,0.9837067209775967,4,0.29602379747887847
0.0001,5,2,2,0.009,0.004,0.9857433808553971,4,0.6013625270808708
0.0001,5,2,1,0.009,0.009,0.9837067209775967,4,0.24958212573938046
0.0001,5,2,2,0.009,0.009,0.9837067209775967,4,0.46158230231151615
0.0001,5,4,1,0.001,0.001,0.9816700610997964,4,0.2564866798907429
0.0001,5,4,4,0.001,0.001,0.9857433808553971,4,0.42681207158362944
0.0001,5,4,1,0.001,0.004,0.9857433808553971,4,0.2441000040943674
0.0001,5,4,4,0.001,0.004,0.9877800407331976,4,0.47173788770521824
0.0001,5,4,1,0.001,0.009,0.9837067209775967,4,0.28105315991566027
0.0001,5,4,4,0.001,0.009,0.9857433808553971,4,0.28077341666754435
0.0001,5,4,1,0.004,0.001,0.9775967413441955,4,0.31903718279530224
0.0001,5,4,4,0.004,0.001,0.9816700610997964,4,0.5456053249488474
0.0001,5,4,1,0.004,0.004,0.9837067209775967,4,0.26672448816656896
0.0001,5,4,4,0.004,0.004,0.9837067209775967,4,0.4606677241821934
0.0001,5,4,1,0.004,0.009,0.9857433808553971,4,0.24042937493693547
0.0001,5,4,4,0.004,0.009,0.9837067209775967,4,0.46571000273572605
0.0001,5,4,1,0.009,0.001,0.9857433808553971,4,0.26966826799079446
0.0001,5,4,4,0.009,0.001,0.9837067209775967,4,0.47431377272123654
0.0001,5,4,1,0.009,0.004,0.9796334012219959,4,0.2919408931607436
0.0001,5,4,4,0.009,0.004,0.9837067209775967,4,0.5187983232791655
0.0001,5,4,1,0.009,0.009,0.9837067209775967,4,0.25101328503389103
0.0001,5,4,4,0.009,0.009,0.9857433808553971,4,0.5869673181280244
0.0001,5,6,1,0.001,0.001,0.9857433808553971,4,0.2927793378382578
0.0001,5,6,6,0.001,0.001,0.9837067209775967,4,0.4774951486337489
0.0001,5,6,1,0.001,0.004,0.9816700610997964,4,0.25852367010803307
0.0001,5,6,6,0.001,0.004,0.9837067209775967,4,0.5203789055294619
0.0001,5,6,1,0.001,0.009,0.9775967413441955,4,0.30564932234184633
0.0001,5,6,6,0.001,0.009,0.9857433808553971,4,0.43994163197734576
0.0001,5,6,1,0.004,0.001,0.9857433808553971,4,0.24822782586931516
0.0001,5,6,6,0.004,0.001,0.9857433808553971,4,0.4930675859211006
0.0001,5,6,1,0.004,0.004,0.9857433808553971,4,0.22522178952149421
0.0001,5,6,6,0.004,0.004,0.9837067209775967,4,0.41188057741862766
0.0001,5,6,1,0.004,0.009,0.9796334012219959,7,0.23987204701628367
0.0001,5,6,6,0.004,0.009,0.9837067209775967,4,0.59067437090749
0.0001,5,6,1,0.009,0.001,0.9816700610997964,7,0.27008107047956986
0.0001,5,6,6,0.009,0.001,0.9816700610997964,4,0.5934645828011417
0.0001,5,6,1,0.009,0.004,0.9857433808553971,4,0.25260822389915294
0.0001,5,6,6,0.009,0.004,0.9857433808553971,4,0.5299936314594248
0.0001,5,6,1,0.009,0.009,0.9857433808553971,4,0.292099867021515
0.0001,5,6,6,0.009,0.009,0.9857433808553971,4,0.4145643680026595
0.0001,9,2,1,0.001,0.001,0.9837067209775967,4,0.2668794924841295
0.0001,9,2,2,0.001,0.001,0.9857433808553971,4,0.3979262412973092
0.0001,9,2,1,0.001,0.004,0.9816700610997964,4,0.4876621754281192
0.0001,9,2,2,0.001,0.004,0.9837067209775967,4,0.47153996322434205
0.0001,9,2,1,0.001,0.009,0.9857433808553971,4,0.3884879811378013
0.0001,9,2,2,0.001,0.009,0.9857433808553971,4,0.5432901685908479
0.0001,9,2,1,0.004,0.001,0.9816700610997964,4,0.44347303035795804
0.0001,9,2,2,0.004,0.001,0.9837067209775967,4,0.35791739772075903
0.0001,9,2,1,0.004,0.004,0.9857433808553971,7,0.25114163319748534
0.0001,9,2,2,0.004,0.004,0.9837067209775967,4,0.458319987745201
0.0001,9,2,1,0.004,0.009,0.9837067209775967,4,0.47901725989905436
0.0001,9,2,2,0.004,0.009,0.9837067209775967,4,0.4857961546177574
0.0001,9,2,1,0.009,0.001,0.9816700610997964,4,0.3992385369192753
0.0001,9,2,2,0.009,0.001,0.9837067209775967,4,0.5088342955466267
0.0001,9,2,1,0.009,0.004,0.9837067209775967,4,0.27596486638236023
0.0001,9,2,2,0.009,0.004,0.9837067209775967,4,0.5089788359045416
0.0001,9,2,1,0.009,0.009,0.9816700610997964,4,0.46377671540566556
0.0001,9,2,2,0.009,0.009,0.9857433808553971,4,0.5415760685945364
0.0001,9,4,1,0.001,0.001,0.9816700610997964,4,0.43251100337143134
0.0001,9,4,4,0.001,0.001,0.9837067209775967,4,0.5498798478451373
0.0001,9,4,1,0.001,0.004,0.9816700610997964,4,0.4101805144834347
0.0001,9,4,4,0.001,0.004,0.9837067209775967,4,0.5849429986639281
0.0001,9,4,1,0.001,0.009,0.9816700610997964,4,0.3670095972611123
0.0001,9,4,4,0.001,0.009,0.9837067209775967,4,0.57015629336081
0.0001,9,4,1,0.004,0.001,0.9837067209775967,4,0.45947262662842336
0.0001,9,4,4,0.004,0.001,0.9857433808553971,4,0.5537124312682229
0.0001,9,4,1,0.004,0.004,0.9796334012219959,4,0.5181861891843141
0.0001,9,4,4,0.004,0.004,0.9857433808553971,4,0.41015710785538084
0.0001,9,4,1,0.004,0.009,0.9837067209775967,4,0.5036344376283631
0.0001,9,4,4,0.004,0.009,0.9857433808553971,4,0.3945748239086334
0.0001,9,4,1,0.009,0.001,0.9857433808553971,4,0.30306505962733493
0.0001,9,4,4,0.009,0.001,0.9857433808553971,4,0.4889431910504012
0.0001,9,4,1,0.009,0.004,0.9837067209775967,4,0.2683251157407844
0.0001,9,4,4,0.009,0.004,0.9816700610997964,4,0.5454148897134034
0.0001,9,4,1,0.009,0.009,0.9837067209775967,7,0.24935274222318873
0.0001,9,4,4,0.009,0.009,0.9857433808553971,4,0.4642243198228002
0.0001,9,6,1,0.001,0.001,0.9816700610997964,4,0.24164811507312242
0.0001,9,6,6,0.001,0.001,0.9837067209775967,4,0.6172591160932672
0.0001,9,6,1,0.001,0.004,0.9877800407331976,4,0.3446123724562972
0.0001,9,6,6,0.001,0.004,0.9857433808553971,4,0.5504648748249651
0.0001,9,6,1,0.001,0.009,0.9837067209775967,4,0.34912468528859036
0.0001,9,6,6,0.001,0.009,0.9837067209775967,4,0.5493594399888314
0.0001,9,6,1,0.004,0.001,0.9816700610997964,4,0.5086509617545222
0.0001,9,6,6,0.004,0.001,0.9857433808553971,4,0.25437865026310597
0.0001,9,6,1,0.004,0.004,0.9796334012219959,4,0.4169242102022845
0.0001,9,6,6,0.004,0.004,0.9837067209775967,4,0.5151228932271156
0.0001,9,6,1,0.004,0.009,0.9837067209775967,4,0.5478285338261214
0.0001,9,6,6,0.004,0.009,0.9816700610997964,4,0.35676611732277563
0.0001,9,6,1,0.009,0.001,0.9796334012219959,4,0.4817184602364312
0.0001,9,6,6,0.009,0.001,0.9857433808553971,4,0.5205224378710297
0.0001,9,6,1,0.009,0.004,0.9837067209775967,4,0.441428285435096
0.0001,9,6,6,0.009,0.004,0.9857433808553971,4,0.6308800530690807
0.0001,9,6,1,0.009,0.009,0.9837067209775967,4,0.2515005118949774
0.0001,9,6,6,0.009,0.009,0.9857433808553971,4,0.5386069290591673
0.0003,1,2,1,0.001,0.001,0.9735234215885947,4,0.28389555424982593
0.0003,1,2,2,0.001,0.001,0.9837067209775967,5,0.746125634074594
0.0003,1,2,1,0.001,0.004,0.9816700610997964,4,0.268605026354104
0.0003,1,2,2,0.001,0.004,0.9898167006109979,4,0.43040102216657466
0.0003,1,2,1,0.001,0.009,0.9653767820773931,0,0.06305465725439469
0.0003,1,2,2,0.001,0.009,0.9857433808553971,4,0.5306307261768793
0.0003,1,2,1,0.004,0.001,0.9755600814663951,0,0.09419552557232758
0.0003,1,2,2,0.004,0.001,0.9857433808553971,4,0.5985398297555374
0.0003,1,2,1,0.004,0.004,0.9653767820773931,0,0.10253517845864717
0.0003,1,2,2,0.004,0.004,0.9857433808553971,4,0.7310275993921741
0.0003,1,2,1,0.004,0.009,0.9735234215885947,2,0.2547709957281034
0.0003,1,2,2,0.004,0.009,0.9857433808553971,4,0.7129910114099828
0.0003,1,2,1,0.009,0.001,0.9511201629327902,5,0.486273617834023
0.0003,1,2,2,0.009,0.001,0.9857433808553971,4,0.5961404389252357
0.0003,1,2,1,0.009,0.004,0.9429735234215886,4,0.4900426838580782
0.0003,1,2,2,0.009,0.004,0.9857433808553971,4,0.5581812865027327
0.0003,1,2,1,0.009,0.009,0.9653767820773931,3,0.6262852555813171
0.0003,1,2,2,0.009,0.009,0.9857433808553971,4,0.5367499506258525
0.0003,1,4,1,0.001,0.001,0.9735234215885947,1,0.12258045617971229
0.0003,1,4,4,0.001,0.001,0.9837067209775967,4,0.6954002162256666
0.0003,1,4,1,0.001,0.004,0.9755600814663951,4,0.921457417272636
0.0003,1,4,4,0.001,0.004,0.9816700610997964,4,0.76219487190466
0.0003,1,4,1,0.001,0.009,0.9613034623217923,3,0.7511285931001411
0.0003,1,4,4,0.001,0.009,0.9857433808553971,5,0.8531919267184362
0.0003,1,4,1,0.004,0.001,0.9735234215885947,1,0.13290596960772802
0.0003,1,4,4,0.004,0.001,0.9918533604887984,5,0.8540022802690544
0.0003,1,4,1,0.004,0.004,0.9511201629327902,3,0.9545571781944227
0.0003,1,4,4,0.004,0.004,0.9877800407331976,4,0.6269188920845762
0.0003,1,4,1,0.004,0.009,0.9674134419551935,4,0.6136002449574812
0.0003,1,4,4,0.004,0.009,0.9877800407331976,4,0.547751984780101
0.0003,1,4,1,0.009,0.001,0.9674134419551935,2,0.24056375176888234
0.0003,1,4,4,0.009,0.001,0.9816700610997964,4,0.6459560548743949
0.0003,1,4,1,0.009,0.004,0.9633401221995926,7,0.46759202206738365
0.0003,1,4,4,0.009,0.004,0.9857433808553971,4,0.5688499309172991
0.0003,1,4,1,0.009,0.009,0.9572301425661914,4,0.4795648176713807
0.0003,1,4,4,0.009,0.009,0.9857433808553971,5,0.8134262601769217
0.0003,1,6,1,0.001,0.001,0.9775967413441955,4,0.5617191230252291
0.0003,1,6,6,0.001,0.001,0.9877800407331976,5,0.8012675060177413
0.0003,1,6,1,0.001,0.004,0.9735234215885947,3,0.9374915288776453
0.0003,1,6,6,0.001,0.004,0.9857433808553971,5,0.755282420182752
0.0003,1,6,1,0.001,0.009,0.9755600814663951,4,0.8738616524216649
0.0003,1,6,6,0.001,0.009,0.9837067209775967,4,0.6615932550826576
0.0003,1,6,1,0.004,0.001,0.9694501018329938,3,0.8183530807528724
0.0003,1,6,6,0.004,0.001,0.9857433808553971,4,0.6155785520259744
0.0003,1,6,1,0.004,0.004,0.9633401221995926,5,0.6138796717452661
0.0003,1,6,6,0.004,0.004,0.9857433808553971,4,0.6249585380893614
0.0003,1,6,1,0.004,0.009,0.9653767820773931,0,0.08313864201926163
0.0003,1,6,6,0.004,0.009,0.9837067209775967,4,0.4895277377194975
0.0003,1,6,1,0.009,0.001,0.9633401221995926,3,0.5728610290050778
0.0003,1,6,6,0.009,0.001,0.9877800407331976,4,0.7017655265795638
0.0003,1,6,1,0.009,0.004,0.9470468431771895,4,0.4891986406197486
0.0003,1,6,6,0.009,0.004,0.9837067209775967,5,0.8062850283904699
0.0003,1,6,1,0.009,0.009,0.9409368635437881,5,0.5132332830154657
0.0003,1,6,6,0.009,0.009,0.9877800407331976,4,0.4827504635040595
0.0003,5,2,1,0.001,0.001,0.9837067209775967,5,0.8103481170736409
0.0003,5,2,2,0.001,0.001,0.9857433808553971,5,0.7602282795680755
0.0003,5,2,1,0.001,0.004,0.9796334012219959,5,0.6546858786094022
0.0003,5,2,2,0.001,0.004,0.9837067209775967,5,0.8486046363052043
0.0003,5,2,1,0.001,0.009,0.9816700610997964,4,0.7157520184367677
0.0003,5,2,2,0.001,0.009,0.9837067209775967,4,0.7276837763694497
0.0003,5,2,1,0.004,0.001,0.9714867617107943,4,0.5947046134499221
0.0003,5,2,2,0.004,0.001,0.9877800407331976,5,0.8873161440456439
0.0003,5,2,1,0.004,0.004,0.9837067209775967,4,0.6622977557198753
0.0003,5,2,2,0.004,0.004,0.9816700610997964,5,0.8425812236504667
0.0003,5,2,1,0.004,0.009,0.9837067209775967,5,0.8433315501853549
0.0003,5,2,2,0.004,0.009,0.9857433808553971,5,0.7501201527045291
0.0003,5,2,1,0.009,0.001,0.9877800407331976,5,0.8073091481965656
0.0003,5,2,2,0.009,0.001,0.9816700610997964,4,0.7149313108103067
0.0003,5,2,1,0.009,0.004,0.9837067209775967,4,0.6742266858989764
0.0003,5,2,2,0.009,0.004,0.9837067209775967,4,0.7631527994996495
0.0003,5,2,1,0.009,0.009,0.9796334012219959,4,0.6111766849222037
0.0003,5,2,2,0.009,0.009,0.9837067209775967,4,0.7078495385085734
0.0003,5,4,1,0.001,0.001,0.9755600814663951,5,0.8149571840055038
0.0003,5,4,4,0.001,0.001,0.9857433808553971,5,0.8252712897076321
0.0003,5,4,1,0.001,0.004,0.9857433808553971,4,0.43398252480881694
0.0003,5,4,4,0.001,0.004,0.9837067209775967,4,0.7216336468214166
0.0003,5,4,1,0.001,0.009,0.9837067209775967,4,0.7056555570832376
0.0003,5,4,4,0.001,0.009,0.9857433808553971,4,0.5826198414481173
0.0003,5,4,1,0.004,0.001,0.9877800407331976,5,0.8373908153235257
0.0003,5,4,4,0.004,0.001,0.9816700610997964,5,0.8690615770757282
0.0003,5,4,1,0.004,0.004,0.9837067209775967,4,0.6338434203442794
0.0003,5,4,4,0.004,0.004,0.9837067209775967,4,0.6293448565196947
0.0003,5,4,1,0.004,0.009,0.9837067209775967,4,0.6959573620445557
0.0003,5,4,4,0.004,0.009,0.9816700610997964,5,0.7883509622126824
0.0003,5,4,1,0.009,0.001,0.9816700610997964,4,0.714538910081692
0.0003,5,4,4,0.009,0.001,0.9837067209775967,4,0.5826906952462529
0.0003,5,4,1,0.009,0.004,0.9837067209775967,5,0.8201648772535893
0.0003,5,4,4,0.009,0.004,0.9877800407331976,5,0.786821671539013
0.0003,5,4,1,0.009,0.009,0.9837067209775967,4,0.7261817603582364
0.0003,5,4,4,0.009,0.009,0.9796334012219959,4,0.7345208456036965
0.0003,5,6,1,0.001,0.001,0.9877800407331976,5,0.817704224682448
0.0003,5,6,6,0.001,0.001,0.9837067209775967,4,0.6985608257699493
0.0003,5,6,1,0.001,0.004,0.9837067209775967,4,0.7281168663668396
0.0003,5,6,6,0.001,0.004,0.9877800407331976,4,0.7405913228799613
0.0003,5,6,1,0.001,0.009,0.9837067209775967,4,0.6764870375207941
0.0003,5,6,6,0.001,0.009,0.9857433808553971,5,0.8360623406607695
0.0003,5,6,1,0.004,0.001,0.9796334012219959,4,0.650346823687188
0.0003,5,6,6,0.004,0.001,0.9837067209775967,4,0.7024557873356866
0.0003,5,6,1,0.004,0.004,0.9877800407331976,4,0.6732267721928528
0.0003,5,6,6,0.004,0.004,0.9857433808553971,4,0.4733821472244215
0.0003,5,6,1,0.004,0.009,0.9775967413441955,5,0.6716031682172011
0.0003,5,6,6,0.004,0.009,0.9816700610997964,4,0.6665550212321056
0.0003,5,6,1,0.009,0.001,0.9775967413441955,4,0.5035212102700249
0.0003,5,6,6,0.009,0.001,0.9877800407331976,4,0.7179510190276651
0.0003,5,6,1,0.009,0.004,0.9816700610997964,5,0.7388433563696375
0.0003,5,6,6,0.009,0.004,0.9837067209775967,4,0.733145276060169
0.0003,5,6,1,0.009,0.009,0.9837067209775967,4,0.582583797217666
0.0003,5,6,6,0.009,0.009,0.9877800407331976,5,0.8601291915153553
0.0003,9,2,1,0.001,0.001,0.9837067209775967,4,0.7337351115135857
0.0003,9,2,2,0.001,0.001,0.9898167006109979,5,0.7338353011885124
0.0003,9,2,1,0.001,0.004,0.9837067209775967,5,0.8044222556448376
0.0003,9,2,2,0.001,0.004,0.9837067209775967,5,0.5027577499935103
0.0003,9,2,1,0.001,0.009,0.9837067209775967,4,0.7256936665863976
0.0003,9,2,2,0.001,0.009,0.9837067209775967,4,0.7022994018222073
0.0003,9,2,1,0.004,0.001,0.9796334012219959,5,0.6670519841502814
0.0003,9,2,2,0.004,0.001,0.9816700610997964,4,0.6871065789225107
0.0003,9,2,1,0.004,0.004,0.9837067209775967,5,0.770442386654958
0.0003,9,2,2,0.004,0.004,0.9796334012219959,4,0.6956275497114087
0.0003,9,2,1,0.004,0.009,0.9857433808553971,5,0.7914676687703778
0.0003,9,2,2,0.004,0.009,0.9816700610997964,5,0.8238318694141229
0.0003,9,2,1,0.009,0.001,0.9857433808553971,3,0.3194243996996126
0.0003,9,2,2,0.009,0.001,0.9837067209775967,4,0.6855697427551867
0.0003,9,2,1,0.009,0.004,0.9796334012219959,5,0.6917893114443692
0.0003,9,2,2,0.009,0.004,0.9857433808553971,5,0.808479923723182
0.0003,9,2,1,0.009,0.009,0.9796334012219959,4,0.6401948495583648
0.0003,9,2,2,0.009,0.009,0.9837067209775967,4,0.6255353539521138
0.0003,9,4,1,0.001,0.001,0.9837067209775967,4,0.6420620789783926
0.0003,9,4,4,0.001,0.001,0.9857433808553971,5,0.7945366465234114
0.0003,9,4,1,0.001,0.004,0.9857433808553971,4,0.489133004697024
0.0003,9,4,4,0.001,0.004,0.9877800407331976,4,0.7952252304572185
0.0003,9,4,1,0.001,0.009,0.9837067209775967,4,0.6829213671340124
0.0003,9,4,4,0.001,0.009,0.9877800407331976,4,0.6119717540312237
0.0003,9,4,1,0.004,0.001,0.9857433808553971,4,0.4962773155056763
0.0003,9,4,4,0.004,0.001,0.9816700610997964,5,0.8504510876393067
0.0003,9,4,1,0.004,0.004,0.9837067209775967,4,0.6830586023565589
0.0003,9,4,4,0.004,0.004,0.9877800407331976,5,0.8385349762104595
0.0003,9,4,1,0.004,0.009,0.9837067209775967,4,0.570839735705468
0.0003,9,4,4,0.004,0.009,0.9816700610997964,5,0.6036349484054131
0.0003,9,4,1,0.009,0.001,0.9816700610997964,5,0.7552009283406212
0.0003,9,4,4,0.009,0.001,0.9837067209775967,5,0.6890999959091094
0.0003,9,4,1,0.009,0.004,0.9837067209775967,4,0.6753143001148737
0.0003,9,4,4,0.009,0.004,0.9837067209775967,4,0.5767357118699215
0.0003,9,4,1,0.009,0.009,0.9837067209775967,4,0.7793927071508822
0.0003,9,4,4,0.009,0.009,0.9837067209775967,4,0.5883182753261683
0.0003,9,6,1,0.001,0.001,0.9837067209775967,4,0.2243352179021808
0.0003,9,6,6,0.001,0.001,0.9857433808553971,5,0.7913962988476875
0.0003,9,6,1,0.001,0.004,0.9837067209775967,5,0.7871983311079689
0.0003,9,6,6,0.001,0.004,0.9857433808553971,4,0.2137196230760776
0.0003,9,6,1,0.001,0.009,0.9837067209775967,4,0.6685298938867383
0.0003,9,6,6,0.001,0.009,0.9837067209775967,5,0.7718298628384558
0.0003,9,6,1,0.004,0.001,0.9837067209775967,5,0.7753200310609669
0.0003,9,6,6,0.004,0.001,0.9857433808553971,4,0.7537451476484455
0.0003,9,6,1,0.004,0.004,0.9816700610997964,4,0.608629935632227
0.0003,9,6,6,0.004,0.004,0.9837067209775967,4,0.5763043948955568
0.0003,9,6,1,0.004,0.009,0.9837067209775967,5,0.8348149916720096
0.0003,9,6,6,0.004,0.009,0.9857433808553971,4,0.6134511402136054
0.0003,9,6,1,0.009,0.001,0.9755600814663951,4,0.6261738293193405
0.0003,9,6,6,0.009,0.001,0.9857433808553971,4,0.45610332719398317
0.0003,9,6,1,0.009,0.004,0.9837067209775967,4,0.549068493372244
0.0003,9,6,6,0.009,0.004,0.9918533604887984,4,0.5679539300798077
0.0003,9,6,1,0.009,0.009,0.9877800407331976,4,0.6140585512363919
0.0003,9,6,6,0.009,0.009,0.9877800407331976,4,0.8004179334827007
0.0009,1,2,1,0.001,0.001,0.9735234215885947,4,0.9057946860983918
0.0009,1,2,2,0.001,0.001,0.9735234215885947,5,0.550434230909393
0.0009,1,2,1,0.001,0.004,0.8981670061099797,4,0.950408396165023
0.0009,1,2,2,0.001,0.004,0.9735234215885947,4,0.8172866669707112
0.0009,1,2,1,0.001,0.009,0.9653767820773931,4,0.9196595951602798
0.0009,1,2,2,0.001,0.009,1.0,5,0.33361606222931595
0.0009,1,2,1,0.004,0.001,0.9796334012219959,2,0.17262194950699425
0.0009,1,2,2,0.004,0.001,0.9775967413441955,3,0.7759964619595368
0.0009,1,2,1,0.004,0.004,0.9714867617107943,3,0.9301516032725216
0.0009,1,2,2,0.004,0.004,1.0,1,0.11874861124337374
0.0009,1,2,1,0.004,0.009,0.9511201629327902,4,0.8486753604514489
0.0009,1,2,2,0.004,0.009,0.9755600814663951,0,0.10899904951604053
0.0009,1,2,1,0.009,0.001,0.9898167006109979,6,0.2485085419838384
0.0009,1,2,2,0.009,0.001,0.9816700610997964,4,0.4699744103331802
0.0009,1,2,2,0.009,0.004,0.9796334012219959,3,0.9116878597172392
0.0009,1,2,1,0.009,0.009,0.8329938900203666,5,0.780841587297921
0.0009,1,2,2,0.009,0.009,0.9755600814663951,4,0.46832163921316683
0.0009,1,4,1,0.001,0.001,0.9816700610997964,4,0.8495096677685537
0.0009,1,4,4,0.001,0.001,0.9837067209775967,1,0.12311490981693307
0.0009,1,4,1,0.001,0.004,0.9816700610997964,4,0.8633179797923799
0.0009,1,4,4,0.001,0.004,0.9775967413441955,4,0.8157253610811617
0.0009,1,4,1,0.001,0.009,0.9755600814663951,4,0.5082219319480178
0.0009,1,4,4,0.001,0.009,0.9755600814663951,4,0.7605405980239466
0.0009,1,4,1,0.004,0.001,0.945010183299389,3,0.931889237940397
0.0009,1,4,4,0.004,0.001,0.9816700610997964,3,0.8776912988150776
0.0009,1,4,1,0.004,0.004,0.8370672097759674,1,0.12391507565008712
0.0009,1,4,4,0.004,0.004,0.9816700610997964,4,0.7573643077039796
0.0009,1,4,1,0.004,0.009,0.824847250509165,3,0.696164263458455
0.0009,1,4,4,0.004,0.009,0.9775967413441955,5,0.4569762578651505
0.0009,1,4,1,0.009,0.001,0.6924643584521385,2,0.12044298335355184
0.0009,1,4,4,0.009,0.001,0.9775967413441955,4,0.785081314007159
0.0009,1,4,1,0.009,0.004,0.8411405295315683,3,0.5653895886750336
0.0009,1,4,4,0.009,0.004,1.0,4,0.26503419149602325
0.0009,1,4,1,0.009,0.009,0.8574338085539714,3,0.6009583384417644
0.0009,1,4,4,0.009,0.009,0.9775967413441955,4,0.7420330195404922
0.0009,1,6,1,0.001,0.001,0.9816700610997964,4,0.8586223040168192
0.0009,1,6,6,0.001,0.001,1.0,3,0.13311612922954003
0.0009,1,6,1,0.001,0.004,0.9816700610997964,4,0.44111291567327865
0.0009,1,6,6,0.001,0.004,0.9755600814663951,3,0.8339880855809435
0.0009,1,6,1,0.001,0.009,0.9796334012219959,4,0.8730955065630889
0.0009,1,6,6,0.001,0.009,0.9796334012219959,3,0.7188831973392512
0.0009,1,6,1,0.004,0.001,0.9653767820773931,2,0.155122534247864
0.0009,1,6,1,0.004,0.004,0.9755600814663951,4,0.8059717881765412
0.0009,1,6,6,0.004,0.004,0.9775967413441955,4,0.7954440117417965
0.0009,1,6,1,0.004,0.009,0.9755600814663951,4,0.3347608264855138
0.0009,1,6,6,0.004,0.009,0.9755600814663951,4,0.8098020414638271
0.0009,1,6,1,0.009,0.001,1.0,3,0.1659999179209341
0.0009,1,6,6,0.009,0.001,0.9775967413441955,3,0.7843843094494212
0.0009,1,6,1,0.009,0.004,0.955193482688391,7,0.31000757758582814
0.0009,1,6,6,0.009,0.004,0.9775967413441955,3,0.8353353456867398
0.0009,1,6,1,0.009,0.009,0.9531568228105907,6,0.44005880827092436
0.0009,1,6,6,0.009,0.009,0.9837067209775967,4,0.8442776889716793
0.0009,5,2,1,0.001,0.001,0.9714867617107943,3,0.8255125292269355
0.0009,5,2,2,0.001,0.001,0.9775967413441955,3,0.8619807230084144
0.0009,5,2,1,0.001,0.004,0.9877800407331976,1,0.1190412740117527
0.0009,5,2,2,0.001,0.004,0.9796334012219959,4,0.403572934269132
0.0009,5,2,1,0.001,0.009,0.9775967413441955,4,0.7096571100607179
0.0009,5,2,2,0.001,0.009,0.9775967413441955,5,0.7578629727512817
0.0009,5,2,1,0.004,0.001,0.9796334012219959,2,0.2262508584654259
0.0009,5,2,2,0.004,0.001,0.9816700610997964,3,0.862028308003652
0.0009,5,2,1,0.004,0.004,0.9714867617107943,4,0.5692733052542556
0.0009,5,2,2,0.004,0.004,0.9735234215885947,5,0.6631334141917169
0.0009,5,2,1,0.004,0.009,0.9755600814663951,4,0.312377965450182
0.0009,5,2,2,0.004,0.009,0.9796334012219959,4,0.7242872422291055
0.0009,5,2,1,0.009,0.001,0.9653767820773931,3,0.8302111883924815
0.0009,5,2,2,0.009,0.001,0.9755600814663951,4,0.9016706132948437
0.0009,5,2,1,0.009,0.004,0.9775967413441955,3,0.8680386269869671
0.0009,5,2,2,0.009,0.004,0.9796334012219959,4,0.2831613658447173
0.0009,5,2,1,0.009,0.009,0.9674134419551935,3,0.8262187379375489
0.0009,5,2,2,0.009,0.009,0.9816700610997964,4,0.5936324290338825
0.0009,5,4,1,0.001,0.001,0.9796334012219959,4,0.8457073826965835
0.0009,5,4,4,0.001,0.001,0.9775967413441955,4,0.7958392144221389
0.0009,5,4,1,0.001,0.004,0.9755600814663951,4,0.79788036877177
0.0009,5,4,4,0.001,0.004,0.9755600814663951,3,0.6527132074661001
0.0009,5,4,1,0.001,0.009,0.9755600814663951,3,0.8601947840107603
0.0009,5,4,4,0.001,0.009,0.9796334012219959,4,0.8363149446322249
0.0009,5,4,1,0.004,0.001,0.9796334012219959,5,0.7770272159122199
0.0009,5,4,4,0.004,0.001,0.9755600814663951,1,0.10793860500717482
0.0009,5,4,1,0.004,0.004,0.9735234215885947,2,0.1987487166783033
0.0009,5,4,4,0.004,0.004,0.9775967413441955,5,0.5391525019490516
0.0009,5,4,1,0.004,0.009,0.9755600814663951,3,0.8191551850264058
0.0009,5,4,4,0.004,0.009,0.9755600814663951,4,0.8155320956707393
0.0009,5,4,1,0.009,0.001,0.9775967413441955,3,0.9189798300339355
0.0009,5,4,4,0.009,0.001,0.9775967413441955,4,0.17820477790008613
0.0009,5,4,1,0.009,0.004,0.9714867617107943,4,0.7924934024592329
0.0009,5,4,4,0.009,0.004,0.9755600814663951,2,0.240267369316148
0.0009,5,4,1,0.009,0.009,0.9755600814663951,4,0.7873146563349689
0.0009,5,4,4,0.009,0.009,0.9796334012219959,4,0.32537730502777784
0.0009,5,6,1,0.001,0.001,0.9816700610997964,4,0.8225233837030859
0.0009,5,6,6,0.001,0.001,0.9735234215885947,4,0.8776870334279497
0.0009,5,6,1,0.001,0.004,0.9775967413441955,4,0.885466819979495
0.0009,5,6,6,0.001,0.004,0.9755600814663951,5,0.44726932899920946
0.0009,5,6,1,0.001,0.009,1.0,1,0.10559289013844338
0.0009,5,6,6,0.001,0.009,0.9816700610997964,4,0.8015374434480841
0.0009,5,6,1,0.004,0.001,0.9592668024439919,3,0.8801004880672504
0.0009,5,6,6,0.004,0.001,0.9816700610997964,5,0.36109890952854307
